{"cameraMode":{"drawMode":0,"name":"Shaded","section":"Shading Mode"},"sceneLighting":false,"audioPlay":false,"sceneViewState":{"showFog":true,"showMaterialUpdate":false,"showSkybox":false,"showFlares":true,"showImageEffects":true,"showParticleSystems":true,"showVisualEffectGraphs":true,"m_FxEnabled":true},"in2DMode":false,"pivot":{"x":1.5017709732055665,"y":0.6353347301483154,"z":0.874513566493988},"rotation":{"x":-0.03939640894532204,"y":0.7068564295768738,"z":-0.039490025490522388,"w":-0.7051624655723572},"size":0.2442360669374466,"orthographic":false}