{"cameraMode":{"drawMode":0,"name":"Shaded","section":"Shading Mode"},"sceneLighting":false,"audioPlay":false,"sceneViewState":{"showFog":true,"showMaterialUpdate":false,"showSkybox":false,"showFlares":true,"showImageEffects":true,"showParticleSystems":true,"showVisualEffectGraphs":true,"m_FxEnabled":true},"in2DMode":false,"pivot":{"x":0.06649172306060791,"y":-0.03674781322479248,"z":0.08813801407814026},"rotation":{"x":-0.046647071838378909,"y":0.41517603397369387,"z":-0.02133263647556305,"w":-0.9084668159484863},"size":3.262244939804077,"orthographic":false}