{"cameraMode":{"drawMode":0,"name":"Shaded","section":"Shading Mode"},"sceneLighting":false,"audioPlay":false,"sceneViewState":{"showFog":true,"showMaterialUpdate":false,"showSkybox":false,"showFlares":true,"showImageEffects":true,"showParticleSystems":true,"showVisualEffectGraphs":true,"m_FxEnabled":true},"in2DMode":false,"pivot":{"x":0.020808003842830659,"y":-0.029272854328155519,"z":-0.05462626367807388},"rotation":{"x":-0.287534236907959,"y":0.12652505934238435,"z":-0.038352709263563159,"w":-0.9486064910888672},"size":0.14955325424671174,"orthographic":false}