{"cameraMode":{"drawMode":0,"name":"Shaded","section":"Shading Mode"},"sceneLighting":true,"audioPlay":false,"sceneViewState":{"showFog":true,"showMaterialUpdate":false,"showSkybox":true,"showFlares":true,"showImageEffects":true,"showParticleSystems":true,"showVisualEffectGraphs":true,"m_FxEnabled":true},"in2DMode":false,"pivot":{"x":0.13178804516792298,"y":1.3785045146942139,"z":-0.040560826659202579},"rotation":{"x":-0.08651278167963028,"y":0.4619915783405304,"z":-0.04532759264111519,"w":-0.8816713094711304},"size":0.24385333061218263,"orthographic":false}