{"cameraMode":{"drawMode":0,"name":"Shaded","section":"Shading Mode"},"sceneLighting":true,"audioPlay":false,"sceneViewState":{"showFog":true,"showMaterialUpdate":false,"showSkybox":true,"showFlares":true,"showImageEffects":true,"showParticleSystems":true,"showVisualEffectGraphs":true,"m_FxEnabled":true},"in2DMode":false,"pivot":{"x":0.13945358991622926,"y":1.0812022686004639,"z":-9.387285232543946},"rotation":{"x":0.07077746838331223,"y":-0.20029444992542268,"z":0.014500970020890236,"w":0.9770860075950623},"size":0.35232508182525637,"orthographic":false}