{"cameraMode":{"drawMode":0,"name":"Shaded","section":"Shading Mode"},"sceneLighting":true,"audioPlay":false,"sceneViewState":{"showFog":true,"showMaterialUpdate":false,"showSkybox":true,"showFlares":true,"showImageEffects":true,"showParticleSystems":true,"showVisualEffectGraphs":true,"m_FxEnabled":true},"in2DMode":false,"pivot":{"x":0.42184197902679446,"y":2.280069351196289,"z":0.5133914947509766},"rotation":{"x":-0.030073635280132295,"y":0.12380044907331467,"z":-0.0037657443899661304,"w":-0.9920046925544739},"size":2.1053247451782228,"orthographic":false}