{"cameraMode":{"drawMode":0,"name":"Shaded","section":"Shading Mode"},"sceneLighting":true,"audioPlay":false,"sceneViewState":{"showFog":true,"showMaterialUpdate":false,"showSkybox":true,"showFlares":true,"showImageEffects":true,"showParticleSystems":true,"showVisualEffectGraphs":true,"m_FxEnabled":true},"in2DMode":false,"pivot":{"x":0.22829565405845643,"y":0.3001534938812256,"z":-9.007144927978516},"rotation":{"x":0.39003682136535647,"y":0.5602050423622131,"z":-0.33694547414779665,"w":0.6484714150428772},"size":0.6073950529098511,"orthographic":false}