{"cameraMode":{"drawMode":0,"name":"Shaded","section":"Shading Mode"},"sceneLighting":true,"audioPlay":false,"sceneViewState":{"showFog":true,"showMaterialUpdate":false,"showSkybox":true,"showFlares":true,"showImageEffects":true,"showParticleSystems":true,"showVisualEffectGraphs":true,"m_FxEnabled":true},"in2DMode":false,"pivot":{"x":0.3467387557029724,"y":0.47894608974456789,"z":-9.388784408569336},"rotation":{"x":0.3721071183681488,"y":0.011990562081336975,"z":-0.004803204443305731,"w":0.928108274936676},"size":1.0222523212432862,"orthographic":false}