{"cameraMode":{"drawMode":0,"name":"Shaded","section":"Shading Mode"},"sceneLighting":true,"audioPlay":false,"sceneViewState":{"showFog":true,"showMaterialUpdate":false,"showSkybox":true,"showFlares":true,"showImageEffects":true,"showParticleSystems":true,"showVisualEffectGraphs":true,"m_FxEnabled":true},"in2DMode":false,"pivot":{"x":-0.31370723247528078,"y":1.3835890293121338,"z":-9.969545364379883},"rotation":{"x":0.3327661454677582,"y":-0.12369530647993088,"z":0.04406747594475746,"w":0.9338465332984924},"size":0.3464100658893585,"orthographic":false}