{"cameraMode":{"drawMode":0,"name":"Shaded","section":"Shading Mode"},"sceneLighting":false,"audioPlay":false,"sceneViewState":{"showFog":true,"showMaterialUpdate":false,"showSkybox":false,"showFlares":true,"showImageEffects":true,"showParticleSystems":true,"showVisualEffectGraphs":true,"m_FxEnabled":true},"in2DMode":false,"pivot":{"x":-0.017150754109025,"y":-0.039852969348430637,"z":-0.01109670102596283},"rotation":{"x":-0.287534236907959,"y":0.12652505934238435,"z":-0.038352709263563159,"w":-0.9486064910888672},"size":0.11730850487947464,"orthographic":false}